{
  "users": [
    {
      "name": "sandra098",
      "mail": "sandra12234aaavvvbb@li.it",
      "phone": "33414018974",
      "id": 1
    },
    {
      "name": "daniele2",
      "mail": "daniele@gmail.com2",
      "phone": "3345665654552",
      "id": 2
    },
    {
      "name": "bruno",
      "mail": "bruno@gmail.com",
      "phone": "222222",
      "id": 3
    },
    {
      "name": "carlo",
      "mail": "carlo@gmail.com",
      "phone": "222222",
      "id": 4
    },
    {
      "name": "catia",
      "mail": "catia@gmail.com",
      "phone": "3343453333345",
      "id": 5
    },
    {
      "name": "bea",
      "mail": "eeeeeeeee@gg.it",
      "phone": "2222222",
      "id": 6
    },
    {
      "name": "utente81",
      "mail": "ute1@gmaicom",
      "phone": "4426",
      "id": 7
    },
    {
      "name": "zed",
      "mail": "zzzz@gmail.com",
      "phone": "44444333aa44aaa",
      "id": 8
    },
    {
      "name": "aa11",
      "mail": "333",
      "phone": "rwerwer",
      "id": 9
    },
    {
      "name": "utenteprova99",
      "mail": "uteprova@libero.it",
      "phone": "3424345343",
      "id": 10
    },
    {
      "name": "vincenzo",
      "mail": "vinrewr@",
      "phone": "4444444",
      "id": 11
    },
    {
      "name": "abb",
      "mail": "abb@loo.it",
      "phone": "423324545",
      "id": 12
    },
    {
      "name": "tiziana",
      "mail": "tttttabb@tttloo.it",
      "phone": "4555545",
      "id": 13
    },
    {
      "name": "maria",
      "mail": "maria@gmail.com",
      "phone": "949353453",
      "id": 14
    },
    {
      "name": "marcello",
      "mail": "marcello@libero.it",
      "phone": "32453454",
      "id": 15
    },
    {
      "name": "pino",
      "mail": "pino@gmail.com",
      "phone": "453534534",
      "id": 16
    },
    {
      "name": "pina",
      "mail": "pina2@gmial.com",
      "phone": "35345345",
      "id": 17
    },
    {
      "name": "utas",
      "mail": "uutrwere@lol.it",
      "phone": "4333434",
      "id": 18
    },
    {
      "name": "zeffere",
      "mail": "zeff@gmail.com",
      "phone": "3444",
      "id": 19
    },
    {
      "name": "lino",
      "mail": "biuirr@lll.ikt",
      "phone": "4322222",
      "id": 20
    },
    {
      "name": "jonh",
      "mail": "fmail@libero.it",
      "phone": "22221",
      "id": 21
    },
    {
      "name": "mario",
      "mail": "mario@mario.it",
      "phone": "0009443243",
      "id": 22
    },
    {
      "name": "monia",
      "mail": "mo88333wwww@gmail.com",
      "phone": "222222453453",
      "id": 23
    },
    {
      "name": "gianni",
      "mail": "jgianni333@libero.it",
      "phone": "005955353",
      "id": 24
    },
    {
      "name": "giampiero",
      "mail": "giampiero88@gmail.com",
      "phone": "094353534534",
      "id": 25
    },
    {
      "name": "antonio aa",
      "mail": "antonioAA@gmail.com",
      "phone": "9546453462",
      "id": 26
    },
    {
      "name": "uuuuuuuuuuuuuuuu",
      "mail": "rrrrrrrrrrrrrrrrrr",
      "phone": "rrrrrrrrrrrrrrrr",
      "id": 27
    },
    {
      "name": "ettore",
      "mail": "ett@kk.it",
      "phone": "090499444",
      "id": 28
    },
    {
      "name": "uuuuuuuuuuuuuuuu",
      "mail": "rrrrrrr",
      "phone": "rrrrrrrrrrr",
      "id": 29
    },
    {
      "name": "werewrwer",
      "mail": "ewrwerwer",
      "phone": "rewrwer",
      "id": 30
    },
    {
      "name": "pippo",
      "mail": "pippoaaaa@gmail.com",
      "phone": "324234",
      "id": 31
    },
    {
      "name": "eleinad85",
      "mail": "daneleinad@gmail.com",
      "phone": "14412432",
      "id": 32
    },
    {
      "name": "nome2",
      "mail": "nome2@gmail.com",
      "phone": "3242543",
      "id": 33
    }
  ],
  "apartments": [
    {
      "id": 1,
      "name": "Primo appartamento",
      "address": "Via casa mia 1",
      "default_check_in": "11:00",
      "default_check_out": "10:00"
    },
    {
      "id": 2,
      "name": "Secondo appartamento",
      "address": "Via casa mia 2",
      "default_check_in": "11:00",
      "default_check_out": "10:00"
    },
    {
      "id": 3,
      "name": "Terzo appartemtento",
      "address": "Via casa mia 3",
      "default_check_in": "11:00",
      "default_check_out": "10:00"
    }
  ]
}